{"cameraMode":{"drawMode":0,"name":"Shaded","section":"Shading Mode"},"sceneLighting":false,"audioPlay":false,"sceneViewState":{"showFog":true,"showMaterialUpdate":false,"showSkybox":true,"showFlares":true,"showImageEffects":true,"showParticleSystems":true},"in2DMode":false,"pivot":{"x":0.15558020770549775,"y":-0.04994291439652443,"z":0.5585165023803711},"rotation":{"x":0.19171924889087678,"y":0.3840140402317047,"z":-0.08184949308633805,"w":0.899488627910614},"size":0.1772872805595398,"orthographic":true}