{"cameraMode":{"drawMode":0,"name":"Shaded","section":"Shading Mode"},"sceneLighting":false,"audioPlay":false,"sceneViewState":{"showFog":true,"showMaterialUpdate":false,"showSkybox":true,"showFlares":true,"showImageEffects":true,"showParticleSystems":true},"in2DMode":false,"pivot":{"x":11.813709259033204,"y":-2.9305059909820558,"z":28.654163360595704},"rotation":{"x":0.22700443863868714,"y":-0.06363806128501892,"z":0.014866931363940239,"w":0.9716988205909729},"size":0.176958829164505,"orthographic":true}