{"cameraMode":{"drawMode":0,"name":"Shaded","section":"Shading Mode"},"sceneLighting":false,"audioPlay":false,"sceneViewState":{"showFog":true,"showMaterialUpdate":false,"showSkybox":false,"showFlares":true,"showImageEffects":true,"showParticleSystems":true},"in2DMode":false,"pivot":{"x":6.301721572875977,"y":-5.9619221687316898,"z":16.68543243408203},"rotation":{"x":0.22700443863868714,"y":-0.06363806128501892,"z":0.014866931363940239,"w":0.9716988205909729},"size":0.14226391911506654,"orthographic":true}