{"cameraMode":{"drawMode":0,"name":"Shaded","section":"Shading Mode"},"sceneLighting":false,"audioPlay":false,"sceneViewState":{"showFog":true,"showMaterialUpdate":false,"showSkybox":false,"showFlares":true,"showImageEffects":true,"showParticleSystems":true},"in2DMode":false,"pivot":{"x":-0.08462601900100708,"y":0.01883728802204132,"z":-0.013709351420402527},"rotation":{"x":0.3717993199825287,"y":0.01531580463051796,"z":-0.006135479547083378,"w":0.9281693696975708},"size":0.10618757456541062,"orthographic":true}