{"cameraMode":{"drawMode":0,"name":"Shaded","section":"Shading Mode"},"sceneLighting":false,"audioPlay":false,"sceneViewState":{"showFog":true,"showMaterialUpdate":false,"showSkybox":true,"showFlares":true,"showImageEffects":true,"showParticleSystems":true},"in2DMode":false,"pivot":{"x":-0.13629066944122315,"y":-0.04537394642829895,"z":0.5611627101898193},"rotation":{"x":0.1775248646736145,"y":0.017712906002998353,"z":-0.003195767290890217,"w":0.9839515089988709},"size":0.18112029135227204,"orthographic":true}