{"cameraMode":{"drawMode":0,"name":"Shaded","section":"Shading Mode"},"sceneLighting":false,"audioPlay":false,"sceneViewState":{"showFog":true,"showMaterialUpdate":false,"showSkybox":true,"showFlares":true,"showImageEffects":true,"showParticleSystems":true},"in2DMode":false,"pivot":{"x":0.27152156829833987,"y":-0.4179764986038208,"z":3.93896484375},"rotation":{"x":0.0886801928281784,"y":-0.16211414337158204,"z":0.014629301615059376,"w":0.9826713800430298},"size":2.8368756771087648,"orthographic":true}