{"cameraMode":{"drawMode":0,"name":"Shaded","section":"Shading Mode"},"sceneLighting":false,"audioPlay":false,"sceneViewState":{"showFog":true,"showMaterialUpdate":false,"showSkybox":true,"showFlares":true,"showImageEffects":true,"showParticleSystems":true},"in2DMode":false,"pivot":{"x":0.257404625415802,"y":-0.547937273979187,"z":0.6425976753234863},"rotation":{"x":0.34035640954971316,"y":0.551442563533783,"z":-0.2625175416469574,"w":0.7149500250816345},"size":8.857738494873047,"orthographic":false}